{
  "ica_vs_edges": {
    "comparison": "ica_logistic_vs_edges_logistic",
    "oof_auc_delta_a_minus_b": 0.004432032056341573,
    "bootstrap_p_two_sided": 0.988,
    "bootstrap_ci95_delta": [
      -0.025840333691720823,
      0.035762791686922694
    ],
    "permutation_y_p_two_sided": 0.7920415916816637,
    "permutation_y_delta_at_obs_labels": 0.004432032056341573,
    "wilcoxon_fold_statistic": 7.0,
    "wilcoxon_fold_p_two_sided": 1.0,
    "n_bootstrap": 10000,
    "n_perm_y": 5000
  }
}