model,auc_mean,auc_std
edges_elasticnet,0.8439189189189189,0.0448197848881688
fa_logistic,0.814627127127127,0.0481199267485345
ica_logistic,0.8377794461127795,0.058794356116243986
