model,auc_mean,auc_std
edges_logistic,0.8227102102102102,0.060170184486967725
ica_logistic,0.8377794461127795,0.058794356116243986
